<?xml version="1.0" encoding="UTF-8" ?>
<!DOCTYPE mapper PUBLIC "-//mybatis.org//DTD Mapper 3.0//EN" "http://mybatis.org/dtd/mybatis-3-mapper.dtd" >
<mapper namespace="com.hotel.mapper.HotelMemberRoomMapper" >
    <resultMap id="BaseResultMap" type="com.hotel.entity.HotelMemberRoom" >
        <id column="hotel_member_room_id" property="hotelMemberRoomId" jdbcType="INTEGER" />
        <result column="hotel_member_room_user" property="hotelMemberRoomUser" jdbcType="VARCHAR" />
        <result column="hotel_member_room_room_num" property="hotelMemberRoomRoomNum" jdbcType="VARCHAR" />
        <result column="hotel_member_room_info_id" property="hotelMemberRoomInfoId" jdbcType="INTEGER" />
        <result column="hotel_member_room_start_time" property="hotelMemberRoomStartTime" jdbcType="VARCHAR" />
        <result column="hotel_member_room_end_time" property="hotelMemberRoomEndTime" jdbcType="VARCHAR" />
        <result column="hotel_member_room_state" property="hotelMemberRoomState" jdbcType="VARCHAR" />
        <result column="hotel_member_room_mobile" property="hotelMemberRoomMobile" jdbcType="VARCHAR" />
        <result column="hotel_member_room_idcard" property="hotelMemberRoomIdcard" jdbcType="VARCHAR" />
        <result column="hotel_member_room_price" property="hotelMemberRoomPrice" jdbcType="FLOAT" />

        <result column="hotel_room_num" property="hotelRoomNum" jdbcType="VARCHAR" />
        <result column="hotel_room_pwd" property="hotelRoomPwd" jdbcType="VARCHAR" />
        <result column="hotel_room_is_pay" property="hotelRoomIsPay" jdbcType="VARCHAR" />
        <result column="hotel_info_name" property="hotelInfoName" jdbcType="VARCHAR" />
        <result column="hotel_info_img" property="hotelInfoImg" jdbcType="VARCHAR" />
        <result column="hotel_info_address" property="hotelInfoAddress" jdbcType="VARCHAR" />
        <result column="hotel_info_id" property="hotelInfoId" jdbcType="VARCHAR" />
    </resultMap>
    <sql id="Base_Column_List" >
    hotel_member_room_id, hotel_member_room_user, hotel_member_room_room_num, hotel_member_room_info_id,
    hotel_member_room_start_time, hotel_member_room_end_time, hotel_member_room_state,hotel_member_room_mobile,
    hotel_member_room_idcard, hotel_member_room_price
  </sql>
    <select id="selectByPrimaryKey" resultMap="BaseResultMap" parameterType="java.lang.Integer" >
        select
        <include refid="Base_Column_List" />
        from t_hotel_member_room
        where hotel_member_room_id = #{hotelMemberRoomId,jdbcType=INTEGER}
    </select>
    <delete id="deleteByPrimaryKey" parameterType="java.lang.Integer" >
    delete from t_hotel_member_room
    where hotel_member_room_id = #{hotelMemberRoomId,jdbcType=INTEGER}
  </delete>
    <insert id="insert" parameterType="com.hotel.entity.HotelMemberRoom" >
    insert into t_hotel_member_room (hotel_member_room_id, hotel_member_room_user,
      hotel_member_room_room_num, hotel_member_room_info_id,
      hotel_member_room_start_time, hotel_member_room_end_time,
      hotel_member_room_state,hotel_member_room_mobile,hotel_member_room_idcard,hotel_member_room_price)
    values (#{hotelMemberRoomId,jdbcType=INTEGER}, #{hotelMemberRoomUser,jdbcType=VARCHAR},
      #{hotelMemberRoomRoomNum,jdbcType=VARCHAR}, #{hotelMemberRoomInfoId,jdbcType=INTEGER},
      #{hotelMemberRoomStartTime,jdbcType=VARCHAR}, #{hotelMemberRoomEndTime,jdbcType=VARCHAR},
      #{hotelMemberRoomState,jdbcType=VARCHAR},#{hotelMemberRoomMobile,jdbcType=VARCHAR},
            #{hotelMemberRoomIdcard,jdbcType=VARCHAR},#{hotelMemberRoomPrice,jdbcType=FLOAT})
  </insert>
    <insert id="insertSelective" parameterType="com.hotel.entity.HotelMemberRoom" >
        insert into t_hotel_member_room
        <trim prefix="(" suffix=")" suffixOverrides="," >
            <if test="hotelMemberRoomId != null" >
                hotel_member_room_id,
            </if>
            <if test="hotelMemberRoomUser != null" >
                hotel_member_room_user,
            </if>
            <if test="hotelMemberRoomRoomNum != null" >
                hotel_member_room_room_num,
            </if>
            <if test="hotelMemberRoomInfoId != null" >
                hotel_member_room_info_id,
            </if>
            <if test="hotelMemberRoomStartTime != null" >
                hotel_member_room_start_time,
            </if>
            <if test="hotelMemberRoomEndTime != null" >
                hotel_member_room_end_time,
            </if>
            <if test="hotelMemberRoomState != null" >
                hotel_member_room_state,
            </if>
            <if test="hotelMemberRoomMobile != null" >
                hotel_member_room_mobile,
            </if>
            <if test="hotelMemberRoomIdcard != null" >
                hotel_member_room_idcard,
            </if>
            <if test="hotelMemberRoomPrice != null" >
                hotel_member_room_price,
            </if>
        </trim>
        <trim prefix="values (" suffix=")" suffixOverrides="," >
            <if test="hotelMemberRoomId != null" >
                #{hotelMemberRoomId,jdbcType=INTEGER},
            </if>
            <if test="hotelMemberRoomUser != null" >
                #{hotelMemberRoomUser,jdbcType=VARCHAR},
            </if>
            <if test="hotelMemberRoomRoomNum != null" >
                #{hotelMemberRoomRoomNum,jdbcType=VARCHAR},
            </if>
            <if test="hotelMemberRoomInfoId != null" >
                #{hotelMemberRoomInfoId,jdbcType=INTEGER},
            </if>
            <if test="hotelMemberRoomStartTime != null" >
                #{hotelMemberRoomStartTime,jdbcType=VARCHAR},
            </if>
            <if test="hotelMemberRoomEndTime != null" >
                #{hotelMemberRoomEndTime,jdbcType=VARCHAR},
            </if>
            <if test="hotelMemberRoomState != null" >
                #{hotelMemberRoomState,jdbcType=VARCHAR},
            </if>
            <if test="hotelMemberRoomMobile != null" >
                #{hotelMemberRoomMobile,jdbcType=VARCHAR},
            </if>
            <if test="hotelMemberRoomIdcard != null" >
                #{hotelMemberRoomIdcard,jdbcType=VARCHAR},
            </if>
            <if test="hotelMemberRoomPrice != null" >
                #{hotelMemberRoomPrice,jdbcType=FLOAT},
            </if>
        </trim>
    </insert>
    <update id="updateByPrimaryKeySelective" parameterType="com.hotel.entity.HotelMemberRoom" >
        update t_hotel_member_room
        <set >
            <if test="hotelMemberRoomUser != null" >
                hotel_member_room_user = #{hotelMemberRoomUser,jdbcType=VARCHAR},
            </if>
            <if test="hotelMemberRoomRoomNum != null" >
                hotel_member_room_room_num = #{hotelMemberRoomRoomNum,jdbcType=VARCHAR},
            </if>
            <if test="hotelMemberRoomInfoId != null" >
                hotel_member_room_info_id = #{hotelMemberRoomInfoId,jdbcType=INTEGER},
            </if>
            <if test="hotelMemberRoomStartTime != null" >
                hotel_member_room_start_time = #{hotelMemberRoomStartTime,jdbcType=VARCHAR},
            </if>
            <if test="hotelMemberRoomEndTime != null" >
                hotel_member_room_end_time = #{hotelMemberRoomEndTime,jdbcType=VARCHAR},
            </if>
            <if test="hotelMemberRoomState != null" >
                hotel_member_room_state = #{hotelMemberRoomState,jdbcType=VARCHAR},
            </if>
        </set>
        where hotel_member_room_id = #{hotelMemberRoomId,jdbcType=INTEGER}
    </update>
    <update id="updateByAccountRoom" parameterType="com.hotel.entity.HotelMemberRoom" >
        update t_hotel_member_room
        <set >
            <if test="hotelMemberRoomUser != null" >
                hotel_member_room_user = #{hotelMemberRoomUser,jdbcType=VARCHAR},
            </if>
            <if test="hotelMemberRoomRoomNum != null" >
                hotel_member_room_room_num = #{hotelMemberRoomRoomNum,jdbcType=VARCHAR},
            </if>
            <if test="hotelMemberRoomInfoId != null" >
                hotel_member_room_info_id = #{hotelMemberRoomInfoId,jdbcType=INTEGER},
            </if>
            <if test="hotelMemberRoomStartTime != null" >
                hotel_member_room_start_time = #{hotelMemberRoomStartTime,jdbcType=VARCHAR},
            </if>
            <if test="hotelMemberRoomEndTime != null" >
                hotel_member_room_end_time = #{hotelMemberRoomEndTime,jdbcType=VARCHAR},
            </if>
            <if test="hotelMemberRoomState != null" >
                hotel_member_room_state = #{hotelMemberRoomState,jdbcType=VARCHAR},
            </if>
        </set>
        where hotel_member_room_room_num = #{hotelMemberRoomRoomNum,jdbcType=VARCHAR}
        and hotel_member_room_user = #{hotelMemberRoomUser,jdbcType=VARCHAR}
    </update>
    <update id="updateByPrimaryKey" parameterType="com.hotel.entity.HotelMemberRoom" >
    update t_hotel_member_room
    set hotel_member_room_user = #{hotelMemberRoomUser,jdbcType=VARCHAR},
      hotel_member_room_room_num = #{hotelMemberRoomRoomNum,jdbcType=VARCHAR},
      hotel_member_room_info_id = #{hotelMemberRoomInfoId,jdbcType=INTEGER},
      hotel_member_room_start_time = #{hotelMemberRoomStartTime,jdbcType=VARCHAR},
      hotel_member_room_end_time = #{hotelMemberRoomEndTime,jdbcType=VARCHAR},
      hotel_member_room_state = #{hotelMemberRoomState,jdbcType=VARCHAR}
    where hotel_member_room_id = #{hotelMemberRoomId,jdbcType=INTEGER}
  </update>

    <sql id="Hotel_Member_Room_Info_In">
        SELECT
            t_hotel_member_room.hotel_member_room_id,
            t_hotel_member_room.hotel_member_room_room_num,
            t_hotel_member_room.hotel_member_room_user,
            t_hotel_room.hotel_room_num,
            t_hotel_room.hotel_room_pwd,
            t_hotel_room.hotel_room_is_pay,
            t_hotel_info.hotel_info_name,
            t_hotel_info.hotel_info_img,
            t_hotel_info.hotel_info_address,
            hotel_member_room_start_time,
            hotel_member_room_end_time,
            hotel_member_room_state,
            hotel_member_room_mobile,
            hotel_member_room_idcard,
            hotel_member_room_price,
            t_hotel_info.hotel_info_id
        FROM
            t_hotel_member_room,
            t_hotel_room,
            t_hotel_user,
            t_hotel_info
        WHERE t_hotel_member_room.hotel_member_room_user = t_hotel_user.hotel_user_account
          AND t_hotel_room.hotel_room_num = t_hotel_member_room.hotel_member_room_room_num
          AND t_hotel_room.hotel_room_info_id = t_hotel_member_room.hotel_member_room_info_id
          AND t_hotel_info.hotel_info_id = t_hotel_room.hotel_room_info_id
    </sql>

    <select id="findHotelMemberRoomInfo" resultMap="BaseResultMap">
        <include refid="Hotel_Member_Room_Info_In" />
          AND t_hotel_member_room.hotel_member_room_user = #{hotelUserAccount}
          order by hotel_member_room_id desc

    </select>

    <select id="getAllList" resultMap="BaseResultMap">
        <choose>
            <when test="hotelUserAccount == null">
                <include refid="Hotel_Member_Room_Info_In" />
            </when>
            <otherwise>
                <include refid="Hotel_Member_Room_Info_In" />
                AND t_hotel_member_room.hotel_member_room_user like concat('%',#{hotelUserAccount},'%')
            </otherwise>
        </choose>

    </select>

    <select id="getRoomBookings" resultMap="BaseResultMap">
        select <include refid="Base_Column_List" />
        from t_hotel_member_room where hotel_member_room_room_num = #{roomNum}

    </select>
    <select id="getRoomInUseBookings" resultMap="BaseResultMap">
        select <include refid="Base_Column_List" />
        from t_hotel_member_room where hotel_member_room_room_num = #{roomNum} and hotel_member_room_state = '1'

    </select>
</mapper>