<?xml version="1.0" encoding="UTF-8" ?>
<!DOCTYPE mapper PUBLIC "-//mybatis.org//DTD Mapper 3.0//EN" "http://mybatis.org/dtd/mybatis-3-mapper.dtd" >
<mapper namespace="com.hotel.mapper.HotelUserMapper" >
  <resultMap id="BaseResultMap" type="com.hotel.entity.HotelUser" >
    <id column="hotel_user_id" property="hotelUserId" jdbcType="INTEGER" />
    <result column="hotel_user_account" property="hotelUserAccount" jdbcType="VARCHAR" />
    <result column="hotel_user_pwd" property="hotelUserPwd" jdbcType="VARCHAR" />
    <result column="hotel_user_name" property="hotelUserName" jdbcType="VARCHAR" />
    <result column="hotel_user_gender" property="hotelUserGender" jdbcType="VARCHAR" />
    <result column="hotel_user_phone" property="hotelUserPhone" jdbcType="VARCHAR" />
    <result column="hotel_user_img" property="hotelUserImg" jdbcType="VARCHAR" />
  </resultMap>
  <sql id="Base_Column_List" >
    hotel_user_id, hotel_user_account, hotel_user_pwd, hotel_user_name, hotel_user_gender,
    hotel_user_phone, hotel_user_img
  </sql>
  <select id="selectByPrimaryKey" resultMap="BaseResultMap" parameterType="java.lang.Integer" >
    select
    <include refid="Base_Column_List" />
    from t_hotel_user
    where hotel_user_id = #{hotelUserId,jdbcType=INTEGER}
  </select>
  <delete id="deleteByPrimaryKey" parameterType="java.lang.Integer" >
    delete from t_hotel_user
    where hotel_user_id = #{hotelUserId,jdbcType=INTEGER}
  </delete>
  <insert id="insert" parameterType="com.hotel.entity.HotelUser" >
    insert into t_hotel_user (hotel_user_id, hotel_user_account, hotel_user_pwd,
      hotel_user_name, hotel_user_gender, hotel_user_phone
      )
    values (#{hotelUserId,jdbcType=INTEGER}, #{hotelUserAccount,jdbcType=VARCHAR}, #{hotelUserPwd,jdbcType=VARCHAR},
      #{hotelUserName,jdbcType=VARCHAR}, #{hotelUserGender,jdbcType=VARCHAR}, #{hotelUserPhone,jdbcType=VARCHAR}
      )
  </insert>
  <insert id="insertSelective" parameterType="com.hotel.entity.HotelUser" >
    insert into t_hotel_user
    <trim prefix="(" suffix=")" suffixOverrides="," >
      <if test="hotelUserId != null" >
        hotel_user_id,
      </if>
      <if test="hotelUserAccount != null" >
        hotel_user_account,
      </if>
      <if test="hotelUserPwd != null" >
        hotel_user_pwd,
      </if>
      <if test="hotelUserName != null" >
        hotel_user_name,
      </if>
      <if test="hotelUserGender != null" >
        hotel_user_gender,
      </if>
      <if test="hotelUserPhone != null" >
        hotel_user_phone,
      </if>
      <if test="hotelUserImg != null" >
        hotel_user_img,
      </if>
    </trim>
    <trim prefix="values (" suffix=")" suffixOverrides="," >
      <if test="hotelUserId != null" >
        #{hotelUserId,jdbcType=INTEGER},
      </if>
      <if test="hotelUserAccount != null" >
        #{hotelUserAccount,jdbcType=VARCHAR},
      </if>
      <if test="hotelUserPwd != null" >
        #{hotelUserPwd,jdbcType=VARCHAR},
      </if>
      <if test="hotelUserName != null" >
        #{hotelUserName,jdbcType=VARCHAR},
      </if>
      <if test="hotelUserGender != null" >
        #{hotelUserGender,jdbcType=VARCHAR},
      </if>
      <if test="hotelUserPhone != null" >
        #{hotelUserPhone,jdbcType=VARCHAR},
      </if>
      <if test="hotelUserImg != null" >
        #{hotelUserImg,jdbcType=VARCHAR},
      </if>
    </trim>
  </insert>
  <update id="updateByPrimaryKeySelective" parameterType="com.hotel.entity.HotelUser" >
    update t_hotel_user
    <set >
      <if test="hotelUserAccount != null" >
        hotel_user_account = #{hotelUserAccount,jdbcType=VARCHAR},
      </if>
      <if test="hotelUserPwd != null" >
        hotel_user_pwd = #{hotelUserPwd,jdbcType=VARCHAR},
      </if>
      <if test="hotelUserName != null" >
        hotel_user_name = #{hotelUserName,jdbcType=VARCHAR},
      </if>
      <if test="hotelUserGender != null" >
        hotel_user_gender = #{hotelUserGender,jdbcType=VARCHAR},
      </if>
      <if test="hotelUserPhone != null" >
        hotel_user_phone = #{hotelUserPhone,jdbcType=VARCHAR},
      </if>
      <if test="hotelUserImg != null" >
        hotel_user_img = #{hotelUserImg,jdbcType=VARCHAR},
      </if>
    </set>
    where hotel_user_id = #{hotelUserId,jdbcType=INTEGER}
  </update>
  <update id="updateByPrimaryKey" parameterType="com.hotel.entity.HotelUser" >
    update t_hotel_user
    set hotel_user_account = #{hotelUserAccount,jdbcType=VARCHAR},
      hotel_user_pwd = #{hotelUserPwd,jdbcType=VARCHAR},
      hotel_user_name = #{hotelUserName,jdbcType=VARCHAR},
      hotel_user_gender = #{hotelUserGender,jdbcType=VARCHAR},
      hotel_user_phone = #{hotelUserPhone,jdbcType=VARCHAR}
      hotel_user_img = #{hotelUserImg,jdbcType=VARCHAR}
    where hotel_user_id = #{hotelUserId,jdbcType=INTEGER}
  </update>

  <select id="getUserByhotelUserAccount" resultMap="BaseResultMap">
    select
    <include refid="Base_Column_List" />
    from t_hotel_user
    where hotel_user_account = #{hotelUserAccount}

  </select>

  <select id="getAllList" resultMap="BaseResultMap">
    <choose>
      <when test="hotelUserName == null">
        select
        <include refid="Base_Column_List" />
        from t_hotel_user
      </when>
      <otherwise>
        select
        <include refid="Base_Column_List" />
        from t_hotel_user where hotel_user_name like concat('%',#{hotelUserName},'%')
      </otherwise>
    </choose>
  </select>
</mapper>