<?xml version="1.0" encoding="UTF-8" ?>
<!DOCTYPE mapper PUBLIC "-//mybatis.org//DTD Mapper 3.0//EN" "http://mybatis.org/dtd/mybatis-3-mapper.dtd" >
<mapper namespace="com.hotel.mapper.HotelCommentMapper" >
    <resultMap id="BaseResultMap" type="com.hotel.entity.HotelComment" >
        <id column="hotel_comment_id" property="hotelCommentId" jdbcType="INTEGER" />
        <result column="hotel_comment_room_num" property="hotelCommentRoomNum" jdbcType="VARCHAR" />
        <result column="hotel_comment_user" property="hotelCommentUser" jdbcType="VARCHAR" />
        <result column="hotel_comment_member_id" property="hotelCommentMemberId" jdbcType="INTEGER" />
        <result column="hotel_comment_score" property="hotelCommentScore" jdbcType="FLOAT" />
        <result column="hotel_comment_content" property="hotelCommentContent" jdbcType="VARCHAR" />
        <result column="hotel_comment_time" property="hotelCommentTime" jdbcType="VARCHAR" />
    </resultMap>
    <sql id="Base_Column_List" >
        hotel_comment_id, hotel_comment_room_num, hotel_comment_user, hotel_comment_member_id,
        hotel_comment_score, hotel_comment_content, hotel_comment_time
    </sql>
    <delete id="deleteByPrimaryKey" parameterType="java.lang.Integer" >
        delete from t_hotel_comment
        where hotel_comment_id = #{hotelCommentId,jdbcType=INTEGER}
    </delete>
    <insert id="insert" parameterType="com.hotel.entity.HotelComment" >
        insert into t_hotel_comment (hotel_comment_room_num, hotel_comment_user, hotel_comment_member_id,
                                     hotel_comment_score,hotel_comment_content,hotel_comment_time)
        values (#{hotelCommentRoomNum,jdbcType=VARCHAR}, #{hotelCommentUser,jdbcType=VARCHAR}, #{hotelCommentMemberId,jdbcType=INTEGER},
                #{hotelCommentScore,jdbcType=FLOAT}, #{hotelCommentContent,jdbcType=VARCHAR}, #{hotelCommentTime,jdbcType=VARCHAR})
    </insert>

    <select id="getCommentListByRoomNum" resultMap="BaseResultMap" parameterType="java.lang.String">
        select
        <include refid="Base_Column_List" />
        from t_hotel_comment where hotel_comment_room_num = #{hotelCommentRoomNum,jdbcType=VARCHAR}
    </select>
</mapper>