<?xml version="1.0" encoding="UTF-8" ?>
<!DOCTYPE mapper PUBLIC "-//mybatis.org//DTD Mapper 3.0//EN" "http://mybatis.org/dtd/mybatis-3-mapper.dtd" >
<mapper namespace="com.hotel.mapper.HotelRoomMapper" >
  <resultMap id="BaseResultMap" type="com.hotel.entity.HotelRoom" >
    <id column="hotel_room_id" property="hotelRoomId" jdbcType="INTEGER" />
    <result column="hotel_room_num" property="hotelRoomNum" jdbcType="VARCHAR" />
    <result column="hotel_room_pwd" property="hotelRoomPwd" jdbcType="VARCHAR" />
    <result column="hotel_room_is_pay" property="hotelRoomIsPay" jdbcType="INTEGER" />
    <result column="hotel_room_info_id" property="hotelRoomInfoId" jdbcType="INTEGER" />
    <result column="hotel_room_start" property="hotelRoomStart" jdbcType="VARCHAR" />
    <result column="hotel_room_end" property="hotelRoomEnd" jdbcType="VARCHAR" />
    <result column="hotel_room_price" property="hotelRoomPrice" jdbcType="FLOAT" />
    <result column="hotel_room_booker" property="hotelRoomBooker" jdbcType="VARCHAR" />
  </resultMap>
  <sql id="Base_Column_List" >
    hotel_room_id, hotel_room_num, hotel_room_pwd, hotel_room_is_pay, hotel_room_info_id,
    hotel_room_start, hotel_room_end, hotel_room_price, hotel_room_booker
  </sql>
  <select id="selectByPrimaryKey" resultMap="BaseResultMap" parameterType="java.lang.Integer" >
    select 
    <include refid="Base_Column_List" />
    from t_hotel_room
    where hotel_room_id = #{hotelRoomId,jdbcType=INTEGER}
  </select>
    <delete id="deleteByPrimaryKey" parameterType="java.lang.Integer" >
    delete from t_hotel_room
    where hotel_room_id = #{hotelRoomId,jdbcType=INTEGER}
  </delete>
  <insert id="insert" parameterType="com.hotel.entity.HotelRoom" >
    insert into t_hotel_room (hotel_room_id, hotel_room_num, hotel_room_pwd, 
      hotel_room_is_pay, hotel_room_info_id)
    values (#{hotelRoomId,jdbcType=INTEGER}, #{hotelRoomNum,jdbcType=VARCHAR}, #{hotelRoomPwd,jdbcType=VARCHAR}, 
      #{hotelRoomIsPay,jdbcType=INTEGER}, #{hotelRoomInfoId,jdbcType=INTEGER})
  </insert>
  <insert id="insertSelective" parameterType="com.hotel.entity.HotelRoom" >
    insert into t_hotel_room
    <trim prefix="(" suffix=")" suffixOverrides="," >
      <if test="hotelRoomId != null" >
        hotel_room_id,
      </if>
      <if test="hotelRoomNum != null" >
        hotel_room_num,
      </if>
      <if test="hotelRoomPwd != null" >
        hotel_room_pwd,
      </if>
      <if test="hotelRoomIsPay != null" >
        hotel_room_is_pay,
      </if>
      <if test="hotelRoomInfoId != null" >
        hotel_room_info_id,
      </if>
      <if test="hotelRoomPrice != null" >
        hotel_room_price,
      </if>
      <if test="hotelRoomBooker != null" >
        hotel_room_booker,
      </if>
    </trim>
    <trim prefix="values (" suffix=")" suffixOverrides="," >
      <if test="hotelRoomId != null" >
        #{hotelRoomId,jdbcType=INTEGER},
      </if>
      <if test="hotelRoomNum != null" >
        #{hotelRoomNum,jdbcType=VARCHAR},
      </if>
      <if test="hotelRoomPwd != null" >
        #{hotelRoomPwd,jdbcType=VARCHAR},
      </if>
      <if test="hotelRoomIsPay != null" >
        #{hotelRoomIsPay,jdbcType=INTEGER},
      </if>
      <if test="hotelRoomInfoId != null" >
        #{hotelRoomInfoId,jdbcType=INTEGER},
      </if>
      <if test="hotelRoomPrice != null" >
        #{hotelRoomPrice,jdbcType=FLOAT},
      </if>
      <if test="hotelRoomBooker != null" >
        #{hotelRoomBooker,jdbcType=VARCHAR},
      </if>
    </trim>
  </insert>
  <update id="updateByPrimaryKeySelective" parameterType="com.hotel.entity.HotelRoom" >
    update t_hotel_room
    <set >
      <if test="hotelRoomNum != null" >
        hotel_room_num = #{hotelRoomNum,jdbcType=VARCHAR},
      </if>
      <if test="hotelRoomPwd != null" >
        hotel_room_pwd = #{hotelRoomPwd,jdbcType=VARCHAR},
      </if>
      <if test="hotelRoomIsPay != null" >
        hotel_room_is_pay = #{hotelRoomIsPay,jdbcType=INTEGER},
      </if>
      <if test="hotelRoomInfoId != null" >
        hotel_room_info_id = #{hotelRoomInfoId,jdbcType=INTEGER},
      </if>
      <if test="hotelRoomPrice != null" >
        hotel_room_price = #{hotelRoomPrice,jdbcType=FLOAT},
      </if>
      <if test="hotelRoomBooker != null" >
        hotel_room_booker = #{hotelRoomPrice,jdbcType=VARCHAR},
      </if>
    </set>
    where hotel_room_id = #{hotelRoomId,jdbcType=INTEGER}
  </update>
  <update id="updateByPrimaryKey" parameterType="com.hotel.entity.HotelRoom" >
    update t_hotel_room
    set hotel_room_num = #{hotelRoomNum,jdbcType=VARCHAR},
      hotel_room_pwd = #{hotelRoomPwd,jdbcType=VARCHAR},
      hotel_room_is_pay = #{hotelRoomIsPay,jdbcType=INTEGER},
      hotel_room_info_id = #{hotelRoomInfoId,jdbcType=INTEGER}
    where hotel_room_id = #{hotelRoomId,jdbcType=INTEGER}
  </update>

    <select id="getRoomListByHotelRoomInfoId" resultMap="BaseResultMap">
        select
        <include refid="Base_Column_List" />
        from t_hotel_room
        where hotel_room_info_id = #{hotelRoomInfoId,jdbcType=INTEGER}
    </select>

    <update id="updateByRoomNum" parameterType="com.hotel.entity.HotelRoom">
        update t_hotel_room
        <set >
            <if test="hotelRoomNum != null" >
                hotel_room_num = #{hotelRoomNum,jdbcType=VARCHAR},
            </if>
            <if test="hotelRoomPwd != null" >
                hotel_room_pwd = #{hotelRoomPwd,jdbcType=VARCHAR},
            </if>
            <if test="hotelRoomIsPay != null" >
                hotel_room_is_pay = #{hotelRoomIsPay,jdbcType=INTEGER},
            </if>
            <if test="hotelRoomInfoId != null" >
                hotel_room_info_id = #{hotelRoomInfoId,jdbcType=INTEGER},
            </if>
          <if test="hotelRoomStart != null" >
            hotel_room_start = #{hotelRoomStart,jdbcType=VARCHAR},
          </if>
          <if test="hotelRoomEnd != null" >
            hotel_room_end = #{hotelRoomEnd,jdbcType=VARCHAR},
          </if>
        </set>
      where hotel_room_num = #{hotelRoomNum,jdbcType=VARCHAR}
        <!-- where hotel_room_info_id = #{hotelRoomInfoId,jdbcType=INTEGER}
      and hotel_room_num = #{hotelRoomNum,jdbcType=VARCHAR} -->

    </update>

  <select id="getAllList" resultMap="BaseResultMap">
    <choose>
      <when test="hotelRoomNum == null">
        select
        <include refid="Base_Column_List" />
        from t_hotel_room
        where hotel_room_info_id = #{hotelRoomInfoId,jdbcType=INTEGER}
      </when>
      <otherwise>
        select
        <include refid="Base_Column_List" />
        from t_hotel_room
        where hotel_room_info_id = #{hotelRoomInfoId,jdbcType=INTEGER}
         and hotel_room_num like concat('%',#{hotelRoomNum},'%')
      </otherwise>
    </choose>
  </select>
</mapper>