<?xml version="1.0" encoding="UTF-8" ?>
<!DOCTYPE mapper PUBLIC "-//mybatis.org//DTD Mapper 3.0//EN" "http://mybatis.org/dtd/mybatis-3-mapper.dtd" >
<mapper namespace="com.hotel.mapper.HotelInfoMapper" >
    <resultMap id="BaseResultMap" type="com.hotel.entity.HotelInfo" >
        <id column="hotel_info_id" property="hotelInfoId" jdbcType="INTEGER" />
        <result column="hotel_info_name" property="hotelInfoName" jdbcType="VARCHAR" />
        <result column="hotel_info_address" property="hotelInfoAddress" jdbcType="VARCHAR" />
        <result column="hotel_info_img" property="hotelInfoImg" jdbcType="VARCHAR" />
    </resultMap>
    <sql id="Base_Column_List" >
        hotel_info_id, hotel_info_name, hotel_info_address, hotel_info_img
    </sql>
    <select id="selectByPrimaryKey" resultMap="BaseResultMap" parameterType="java.lang.Integer" >
        select
        <include refid="Base_Column_List" />
        from t_hotel_info
        where hotel_info_id = #{hotelInfoId,jdbcType=INTEGER}
    </select>
    <delete id="deleteByPrimaryKey" parameterType="java.lang.Integer" >
        delete from t_hotel_info
        where hotel_info_id = #{hotelInfoId,jdbcType=INTEGER}
    </delete>
    <insert id="insert" parameterType="com.hotel.entity.HotelInfo" >
        insert into t_hotel_info (hotel_info_id, hotel_info_name, hotel_info_address,
                                  hotel_info_img)
        values (#{hotelInfoId,jdbcType=INTEGER}, #{hotelInfoName,jdbcType=VARCHAR}, #{hotelInfoAddress,jdbcType=VARCHAR},
                #{hotelInfoImg,jdbcType=VARCHAR})
    </insert>
    <insert id="insertSelective" parameterType="com.hotel.entity.HotelInfo" >
        insert into t_hotel_info
        <trim prefix="(" suffix=")" suffixOverrides="," >
            <if test="hotelInfoId != null" >
                hotel_info_id,
            </if>
            <if test="hotelInfoName != null" >
                hotel_info_name,
            </if>
            <if test="hotelInfoAddress != null" >
                hotel_info_address,
            </if>
            <if test="hotelInfoImg != null" >
                hotel_info_img,
            </if>
        </trim>
        <trim prefix="values (" suffix=")" suffixOverrides="," >
            <if test="hotelInfoId != null" >
                #{hotelInfoId,jdbcType=INTEGER},
            </if>
            <if test="hotelInfoName != null" >
                #{hotelInfoName,jdbcType=VARCHAR},
            </if>
            <if test="hotelInfoAddress != null" >
                #{hotelInfoAddress,jdbcType=VARCHAR},
            </if>
            <if test="hotelInfoImg != null" >
                #{hotelInfoImg,jdbcType=VARCHAR},
            </if>
        </trim>
    </insert>
    <update id="updateByPrimaryKeySelective" parameterType="com.hotel.entity.HotelInfo" >
        update t_hotel_info
        <set >
            <if test="hotelInfoName != null" >
                hotel_info_name = #{hotelInfoName,jdbcType=VARCHAR},
            </if>
            <if test="hotelInfoAddress != null" >
                hotel_info_address = #{hotelInfoAddress,jdbcType=VARCHAR},
            </if>
            <if test="hotelInfoImg != null" >
                hotel_info_img = #{hotelInfoImg,jdbcType=VARCHAR},
            </if>
        </set>
        where hotel_info_id = #{hotelInfoId,jdbcType=INTEGER}
    </update>
    <update id="updateByPrimaryKey" parameterType="com.hotel.entity.HotelInfo" >
        update t_hotel_info
        set hotel_info_name = #{hotelInfoName,jdbcType=VARCHAR},
            hotel_info_address = #{hotelInfoAddress,jdbcType=VARCHAR},
            hotel_info_img = #{hotelInfoImg,jdbcType=VARCHAR}
        where hotel_info_id = #{hotelInfoId,jdbcType=INTEGER}
    </update>


    <select id="getRoomListByHotelRoomInfoId" resultMap="BaseResultMap">
        select
        <include refid="Base_Column_List" />
        from t_hotel_info
    </select>

    <select id="getRoomEmptyCount" resultType="int">
        select
        count(1)
        from t_hotel_room
        where hotel_room_is_pay = 2
    </select>

    <select id="getAllList" resultMap="BaseResultMap">
        <choose>
            <when test="hotelInfoName == null">
                select
                <include refid="Base_Column_List" />
                from t_hotel_info
            </when>
            <otherwise>
                select
                <include refid="Base_Column_List" />
                from t_hotel_info where hotel_info_name like concat('%',#{hotelInfoName},'%')
            </otherwise>
        </choose>
    </select>

</mapper>